{"cameraMode":{"drawMode":0,"name":"Shaded","section":"Shading Mode"},"sceneLighting":true,"audioPlay":false,"sceneViewState":{"showFog":true,"showMaterialUpdate":false,"showSkybox":true,"showFlares":true,"showImageEffects":true,"showParticleSystems":true},"in2DMode":false,"pivot":{"x":7.813296794891357,"y":-2.6825289726257326,"z":7.681061744689941},"rotation":{"x":-0.09093408286571503,"y":-0.6864732503890991,"z":-0.7161673307418823,"w":0.08716221153736115},"size":28.076017379760743,"orthographic":true}