{"cameraMode":{"drawMode":0,"name":"Shaded","section":"Shading Mode"},"sceneLighting":false,"audioPlay":false,"sceneViewState":{"showFog":true,"showMaterialUpdate":false,"showSkybox":true,"showFlares":true,"showImageEffects":true,"showParticleSystems":true},"in2DMode":false,"pivot":{"x":2.403850793838501,"y":-0.6684207916259766,"z":0.3616676330566406},"rotation":{"x":0.04026957228779793,"y":0.8386696577072144,"z":0.5395351052284241,"w":-0.06259656697511673},"size":40.1646614074707,"orthographic":false}